SYMBOL,Date,Series,Prev Close,Open,High,Low,Last,Close,VWAP,Volume,Turnover,Trades,Deliverable Volume,%Deliverble,Descripency Detail,Descripency
TITAN,2022-03-29,EQ,2535.9,2550.0,2559.0,2525.3,2541.0,2538.8,2541.94,908172,230851934300000.0,53687,337657,37.18,"Vol Down, Delivery Up",1
TITAN,2022-03-30,EQ,2538.8,2556.3,2565.75,2510.0,2520.8,2523.15,2536.83,866666,219858083830000.03,65448,360487,41.59,"Vol Down, Delivery Up",1
TATAMOTORS,2022-03-29,EQ,432.7,436.0,439.35,431.4,433.7,433.7,435.02,18710736,813961404415000.0,166038,5574807,29.79,"Vol Down, Delivery Up",1
TATAMOTORS,2022-03-30,EQ,433.7,438.45,442.5,434.25,434.8,435.65,439.04,18149488,796835474220000.0,181329,6705980,36.95,"Vol Down, Delivery Up",1
HDFC,2022-03-29,EQ,2268.25,2285.9,2344.9,2284.0,2343.0,2337.35,2318.03,3202852,742430245960000.0,135992,1876334,58.58,"Vol Down, Delivery Up",1
HDFC,2022-03-30,EQ,2337.35,2369.4,2388.0,2347.65,2385.0,2385.45,2375.78,3176850,754751060510000.0,123275,2079829,65.47,"Vol Down, Delivery Up",1
COALINDIA,2022-03-29,EQ,191.25,192.0,192.2,185.5,186.15,186.0,186.9,10622472,198536116835000.0,79843,2930542,27.589999999999996,"Vol Down, Delivery Up",1
COALINDIA,2022-03-30,EQ,186.0,187.95,187.95,182.0,182.35,182.9,184.8,10298319,190317204355000.0,77511,3785992,36.76,"Vol Down, Delivery Up",1
CIPLA,2022-03-29,EQ,1017.1,1020.2,1041.0,1020.2,1039.9,1038.85,1033.24,3194089,330024864550000.0,81352,1509659,47.26,"Vol Down, Delivery Up",1
CIPLA,2022-03-30,EQ,1038.85,1043.0,1054.8,1025.2,1028.0,1028.95,1037.63,3083750,319980489750000.0,90269,1564560,50.74000000000001,"Vol Down, Delivery Up",1
BAJAJ-AUTO,2022-03-29,EQ,3687.75,3697.8,3735.0,3660.85,3690.0,3689.1,3696.41,376929,139328337390000.02,33789,138514,36.75,"Vol Down, Delivery Up",1
BAJAJ-AUTO,2022-03-30,EQ,3689.1,3729.65,3729.65,3665.25,3689.8,3674.1,3698.48,343930,127201888040000.02,31689,182663,53.11,"Vol Down, Delivery Up",1
ASIANPAINT,2022-03-29,EQ,3027.45,3069.0,3087.7,3012.7,3040.0,3042.6,3052.13,1120936,342124176965000.0,82039,368796,32.9,"Vol Down, Delivery Up",1
ASIANPAINT,2022-03-30,EQ,3042.6,3078.0,3094.35,3055.9,3084.35,3081.55,3077.9,849545,261481491025000.0,59816,449124,52.87,"Vol Down, Delivery Up",1
WIPRO,2022-03-29,EQ,600.2,603.0,605.35,599.15,603.9,602.5,602.19,4701003,283088076740000.0,73506,2927466,62.27,-,0
WIPRO,2022-03-30,EQ,602.5,605.1,609.3,599.5,600.1,600.8,604.1,7744382,467837331714999.94,116562,5449810,70.37,-,0
UPL,2022-03-29,EQ,780.75,781.5,790.4,779.05,781.1,782.0,783.71,1636109,128223901465000.02,50572,700601,42.82,-,0
UPL,2022-03-30,EQ,782.0,782.0,785.5,774.0,775.8,776.15,779.2,1113587,86770528295000.0,34066,375277,33.7,-,0
ULTRACEMCO,2022-03-29,EQ,6359.95,6377.0,6548.0,6376.0,6532.9,6526.6,6506.23,671879,437139945860000.06,76222,304038,45.25,-,0
ULTRACEMCO,2022-03-30,EQ,6526.6,6542.5,6668.8,6542.5,6640.0,6642.7,6632.73,705385,467862533289999.94,59800,423969,60.099999999999994,-,0
TECHM,2022-03-29,EQ,1524.45,1537.0,1539.55,1519.1,1523.5,1522.35,1525.27,2311150,352512791065000.0,52532,1765275,76.38,-,0
TECHM,2022-03-30,EQ,1522.35,1534.3,1534.3,1485.0,1494.85,1496.3,1495.77,3792481,567267008805000.0,133600,2296613,60.56,-,0
TCS,2022-03-29,EQ,3707.7,3694.75,3722.0,3691.0,3701.0,3705.35,3707.08,2689063,996857773875000.0,166424,1876469,69.78,-,0
TCS,2022-03-30,EQ,3705.35,3738.0,3738.0,3706.2,3730.0,3731.55,3723.34,1583455,589574427815000.0,109724,1071594,67.67,-,0
TATASTEEL,2022-03-29,EQ,1338.95,1344.0,1346.15,1327.0,1332.0,1334.65,1335.58,4320237,577001865525000.0,94177,937510,21.7,-,0
TATASTEEL,2022-03-30,EQ,1334.65,1335.0,1335.55,1300.0,1306.2,1308.05,1308.4,5848316,765196350035000.0,170961,2151937,36.8,-,0
TATACONSUM,2022-03-29,EQ,741.25,742.0,747.75,735.6,741.0,743.2,742.11,985708,73149990790000.0,45488,375805,38.13,-,0
TATACONSUM,2022-03-30,EQ,743.2,750.0,782.75,749.0,765.5,765.85,770.45,8328100,641640225280000.0,176864,1835167,22.04,-,0
SUNPHARMA,2022-03-29,EQ,905.9,908.05,922.0,901.1,915.0,919.35,913.69,3177777,290349014740000.0,63133,1287780,40.52,-,0
SUNPHARMA,2022-03-30,EQ,919.35,922.0,922.0,908.4,920.0,920.6,917.08,2084073,191125864270000.0,55012,1091662,52.38,-,0
SHREECEM,2022-03-29,EQ,23197.55,23230.0,23740.0,23230.0,23639.0,23645.55,23590.97,31238,73693481570000.0,9602,10283,32.92,-,0
SHREECEM,2022-03-30,EQ,23645.55,23840.0,24150.0,23709.5,24065.0,24089.15,24040.47,34361,82605454045000.0,11484,14712,42.82,-,0
SBIN,2022-03-29,EQ,497.5,500.0,501.4,491.7,495.5,495.0,496.03,14301429,709397688855000.0,149505,4400398,30.770000000000003,-,0
SBIN,2022-03-30,EQ,495.0,499.3,500.4,492.3,493.0,494.3,496.58,16461225,817433115980000.0,196570,7485867,45.48,-,0
SBILIFE,2022-03-29,EQ,1077.0,1111.0,1114.95,1086.4,1103.05,1101.25,1098.0,2864668,314540177350000.0,112110,1075048,37.53,-,0
SBILIFE,2022-03-30,EQ,1101.25,1110.0,1127.65,1103.5,1121.0,1121.8,1117.5,1287813,143912977490000.0,64439,772557,59.99,-,0
RELIANCE,2022-03-29,EQ,2621.95,2638.0,2638.0,2607.4,2618.0,2622.55,2623.0,4007695,1051219845570000.1,203830,2280912,56.91,-,0
RELIANCE,2022-03-30,EQ,2622.55,2639.9,2688.0,2617.1,2658.7,2672.95,2661.36,7297028,1942001902930000.0,219316,4259734,58.379999999999995,-,0
POWERGRID,2022-03-29,EQ,212.3,213.85,214.45,209.7,211.75,211.3,211.94,7852887,166430605830000.0,54723,4636112,59.040000000000006,-,0
POWERGRID,2022-03-30,EQ,211.3,213.1,218.7,211.8,217.0,217.1,216.2,40663864,879135051085000.0,87018,22176788,54.54,-,0
ONGC,2022-03-29,EQ,176.35,174.95,175.2,170.55,171.0,171.0,171.99,14210783,244415299530000.03,115704,4942178,34.78,-,0
ONGC,2022-03-30,EQ,171.0,163.0,164.85,161.15,161.8,162.0,162.6,95239532,1548630281855000.0,199739,45446014,47.72,-,0
NTPC,2022-03-29,EQ,134.8,135.0,135.3,133.9,134.35,134.35,134.45,5116935,68797558920000.01,41759,2564982,50.13000000000001,-,0
NTPC,2022-03-30,EQ,134.35,135.0,135.95,133.45,134.3,135.3,134.99,24047012,324609152430000.0,49862,12103432,50.33,-,0
NESTLEIND,2022-03-29,EQ,16860.05,16900.0,16999.95,16820.0,16970.0,16921.9,16907.98,83759,141619515835000.0,24036,52402,62.56,-,0
NESTLEIND,2022-03-30,EQ,16921.9,17108.0,17347.55,17022.6,17250.0,17298.0,17192.76,74970,128894115275000.0,20435,38136,50.86999999999999,-,0
MARUTI,2022-03-29,EQ,7477.35,7535.0,7563.1,7401.0,7462.0,7439.15,7492.26,446257,334347272245000.0,53410,113360,25.4,-,0
MARUTI,2022-03-30,EQ,7439.15,7521.0,7629.95,7490.0,7587.8,7598.6,7587.36,589206,447051830560000.06,66368,180901,30.7,-,0
M&M,2022-03-29,EQ,769.25,771.0,783.0,770.7,774.0,773.35,774.53,3519610,272605416194999.97,61153,1831753,52.04,-,0
M&M,2022-03-30,EQ,773.35,779.3,795.0,775.9,794.0,793.35,789.62,4407033,347987111915000.0,86102,2895221,65.7,-,0
LT,2022-03-29,EQ,1741.6,1748.7,1754.1,1733.0,1750.5,1746.65,1740.81,2071779,360658255365000.0,95728,1420375,68.56,-,0
LT,2022-03-30,EQ,1746.65,1766.9,1777.05,1754.1,1774.15,1773.6,1767.48,1712835,302739845265000.0,113982,1066004,62.24000000000001,-,0
KOTAKBANK,2022-03-29,EQ,1725.2,1738.0,1740.9,1718.75,1735.0,1730.0,1731.66,2585790,447772130630000.0,104347,1384636,53.55,-,0
KOTAKBANK,2022-03-30,EQ,1730.0,1749.4,1768.85,1736.0,1758.25,1763.1,1753.54,3358154,588864588295000.0,114309,2041611,60.8,-,0
JSWSTEEL,2022-03-29,EQ,730.1,731.5,764.75,726.65,751.2,753.9,744.65,7285191,542494449160000.06,90562,2111198,28.98,-,0
JSWSTEEL,2022-03-30,EQ,753.9,750.0,750.7,714.95,719.05,717.55,728.13,5994838,436502601120000.0,91104,1699313,28.35,-,0
ITC,2022-03-29,EQ,257.05,257.05,257.5,253.75,254.3,254.6,255.06,18122714,462245413639999.94,114137,10020467,55.290000000000006,-,0
ITC,2022-03-30,EQ,254.6,255.1,256.4,248.65,249.05,249.2,251.58,17603827,442875007705000.0,125981,9256409,52.580000000000005,-,0
IOC,2022-03-29,EQ,119.95,120.3,121.3,118.0,118.6,118.3,119.39,9751383,116424963325000.0,62540,4211317,43.19,-,0
IOC,2022-03-30,EQ,118.3,119.7,119.7,116.1,118.0,117.2,117.24,106426898,1247743040460000.0,134959,73978666,69.51,-,0
INFY,2022-03-29,EQ,1873.9,1873.9,1889.4,1860.55,1887.9,1886.0,1875.61,3917785,734823459390000.0,115629,2407715,61.46,-,0
INFY,2022-03-30,EQ,1886.0,1910.0,1919.0,1895.0,1899.75,1903.95,1906.67,7795839,1486412625015000.0,178770,5920998,75.95,-,0
INDUSINDBK,2022-03-29,EQ,935.15,939.95,944.5,921.4,930.35,929.15,929.93,3351562,311673129995000.0,62329,1240368,37.01,-,0
INDUSINDBK,2022-03-30,EQ,929.15,939.35,945.0,922.95,926.35,926.3,931.78,4849869,451901997120000.0,69348,2821276,58.17,-,0
ICICIBANK,2022-03-29,EQ,710.35,714.3,716.95,705.85,715.65,715.3,712.64,11489374,818777916440000.0,262014,5716259,49.75,-,0
ICICIBANK,2022-03-30,EQ,715.3,721.05,731.75,719.1,729.45,730.9,727.15,20154520,1465531453320000.0,441930,13967546,69.3,-,0
HINDUNILVR,2022-03-29,EQ,1975.1,1980.0,1994.85,1974.05,1986.9,1987.05,1984.93,1249125,247942557210000.0,89457,727101,58.21000000000001,-,0
HINDUNILVR,2022-03-30,EQ,1987.05,2000.0,2019.0,1995.05,2014.55,2015.9,2009.75,1476829,296805652610000.0,73625,858328,58.11999999999999,-,0
HINDALCO,2022-03-29,EQ,630.2,630.0,636.0,624.5,629.25,631.3,629.23,5245788,330078868065000.0,82726,1507584,28.74,-,0
HINDALCO,2022-03-30,EQ,631.3,622.0,622.0,598.85,600.45,599.8,605.56,11195965,677982636930000.0,183145,5447510,48.66,-,0
HEROMOTOCO,2022-03-29,EQ,2377.95,2385.0,2401.0,2154.05,2219.0,2210.65,2259.17,2475877,559341542789999.94,123453,1029837,41.59,-,0
HEROMOTOCO,2022-03-30,EQ,2210.65,2250.0,2281.0,2226.4,2269.75,2271.65,2262.29,3115035,704711077130000.0,135776,1186423,38.09,-,0
HDFCLIFE,2022-03-29,EQ,512.6,517.0,525.7,514.4,524.0,523.0,520.17,3428962,178362853270000.0,55176,1867324,54.459999999999994,-,0
HDFCLIFE,2022-03-30,EQ,523.0,526.0,543.35,526.0,541.3,542.3,535.93,6695548,358836497400000.0,109045,3921032,58.56,-,0
HDFCBANK,2022-03-29,EQ,1432.8,1441.0,1460.25,1430.0,1458.0,1451.8,1442.08,6188724,892465417295000.1,203589,3947381,63.78,-,0
HDFCBANK,2022-03-30,EQ,1451.8,1472.0,1482.75,1454.05,1476.0,1476.95,1468.52,10054871,1476578032545000.0,225951,7090115,70.51,-,0
HCLTECH,2022-03-29,EQ,1163.95,1167.0,1175.0,1163.65,1169.1,1167.7,1168.94,2443230,285599165110000.0,81545,1658588,67.89,-,0
HCLTECH,2022-03-30,EQ,1167.7,1177.35,1181.95,1162.1,1164.25,1165.2,1172.1,3073672,360264391985000.0,87726,2169859,70.6,-,0
GRASIM,2022-03-29,EQ,1610.95,1619.0,1638.6,1606.95,1625.1,1623.7,1619.29,1737040,281276454680000.03,57769,1076382,61.970000000000006,-,0
GRASIM,2022-03-30,EQ,1623.7,1638.0,1677.95,1632.55,1666.1,1667.7,1661.44,1504728,250001101460000.0,47311,785957,52.23,-,0
EICHERMOT,2022-03-29,EQ,2380.0,2378.5,2492.95,2360.05,2487.0,2480.5,2428.07,1317033,319784500990000.0,62131,576945,43.81,-,0
EICHERMOT,2022-03-30,EQ,2480.5,2488.1,2518.2,2444.45,2485.0,2486.55,2483.11,1198770,297667912645000.0,59693,372683,31.09,-,0
DRREDDY,2022-03-29,EQ,4285.45,4294.0,4355.55,4247.05,4328.0,4323.55,4316.46,421084,181759281980000.0,49253,165071,39.2,-,0
DRREDDY,2022-03-30,EQ,4323.55,4352.8,4366.5,4284.1,4353.0,4354.4,4336.41,616826,267481090315000.0,47375,307074,49.78,-,0
DIVISLAB,2022-03-29,EQ,4416.55,4410.0,4578.65,4410.0,4559.95,4561.6,4537.92,589480,267501387315000.0,50016,217837,36.95,-,0
DIVISLAB,2022-03-30,EQ,4561.6,4578.0,4625.0,4505.95,4520.05,4538.6,4580.64,360504,165133793055000.0,40651,150263,41.68,-,0
BRITANNIA,2022-03-29,EQ,3094.8,3112.0,3134.0,3090.2,3102.0,3103.8,3107.72,359318,111666065420000.0,25844,209454,58.29,-,0
BRITANNIA,2022-03-30,EQ,3103.8,3123.65,3160.0,3114.65,3147.0,3148.4,3143.08,450273,141524420285000.0,31645,258215,57.35,-,0
BPCL,2022-03-29,EQ,359.7,362.0,362.4,357.95,358.2,358.45,359.97,5708664,205493183190000.0,39902,3819630,66.91,-,0
BPCL,2022-03-30,EQ,358.45,360.5,362.4,359.2,360.1,360.05,360.58,4123566,148687602240000.0,57504,2578781,62.53999999999999,-,0
BHARTIARTL,2022-03-29,EQ,733.05,740.4,763.0,737.0,753.5,754.95,751.53,15833573,1189937745190000.0,217096,6002371,37.91,-,0
BHARTIARTL,2022-03-30,EQ,754.95,762.75,769.9,744.6,748.65,749.5,756.69,9938988,752069597255000.0,181513,5112349,51.44,-,0
BAJFINANCE,2022-03-29,EQ,7001.4,7040.0,7060.0,6984.5,7050.0,7039.35,7023.87,715950,502874314230000.0,58294,257369,35.95,-,0
BAJFINANCE,2022-03-30,EQ,7039.35,7100.0,7274.45,7099.0,7234.9,7251.85,7221.88,1272254,918806428575000.0,114350,408808,32.13,-,0
BAJAJFINSV,2022-03-29,EQ,16518.95,16536.0,16620.0,16423.15,16509.0,16501.7,16516.5,198138,327254617505000.0,36159,40916,20.65,-,0
BAJAJFINSV,2022-03-30,EQ,16501.7,16600.0,17249.85,16531.0,17045.05,17128.9,17019.38,454764,773980196490000.0,72543,113851,25.040000000000003,-,0
AXISBANK,2022-03-29,EQ,736.0,741.65,741.65,731.0,738.8,737.8,736.28,6174137,454588812860000.06,113825,2344030,37.97,-,0
AXISBANK,2022-03-30,EQ,737.8,747.0,765.85,741.3,754.5,750.45,753.77,16618114,1252619790465000.0,199667,7430795,44.72,-,0
ADANIPORTS,2022-03-29,EQ,737.0,741.0,766.9,738.05,760.25,761.95,754.87,11423551,862333126640000.0,145925,2472342,21.64,-,0
ADANIPORTS,2022-03-30,EQ,761.95,768.8,775.95,762.1,765.5,767.4,769.15,6913983,531785948435000.06,106951,1576930,22.81,-,0
